{"command_data":{"onefile":true,"console":false,"additional_files":{}},"id_injectable":{"file":"C:/Temp/CheckColors/MobaLedCheckColors.py","icon":"","output_location":"","VALUE--upx-dir":"","VALUE--log-level":"","VALUE-n":"","VALUE--add-binary":"","VALUE-p":"","COMMASPLIT--hidden-import":"","VALUE--additional-hooks-dir":"","VALUE--runtime-hook":"","COMMASPLIT--exclude-module":"","VALUE--key":"","VALUE--debug":"","VALUE--version-file":"","VALUE-m":"","VALUE-r":"","VALUE--osx-bundle-identifier":"","VALUE--runtime-tmpdir":"","extra_command_data":""},"switches":{"disable_recursion_limit":false,"OPTION-a":false,"OPTION--clean":false,"OPTION-s":false,"OPTION--noupx":true,"OPTION--uac-admin":false,"OPTION--uac-uiaccess":false,"OPTION--win-private-assemblies":false,"OPTION--win-no-prefer-redirects":false,"OPTION--bootloader-ignore-signals":false}}