{
    "color": "#0F0D03",
    "Lednum": 0,
    "LedCount": 1,
    "coltab": {
        "ROOM_COL0": "#0F0D03",
        "ROOM_COL1": "#162C1B",
        "ROOM_COL2": "#9B4905",
        "ROOM_COL3": "#271201",
        "ROOM_COL4": "#1E0000",
        "ROOM_COL5": "#4F2707",
        "GAS_LIGHT D": "#323232",
        "GAS LIGHT": "#FFFFFF",
        "NEON_LIGHT D": "#14141B",
        "NEON_LIGHT M": "#464650",
        "NEON_LIGHT": "#F5F5FF",
        "ROOM_TV0 A": "#323214",
        "ROOM_TV0 B": "#46461E",
        "ROOM_TV1 A": "#323208",
        "ROOM_TV1 B": "#323208",
        "SINGLE_LED": "#FFFFFF",
        "SINGLE_LED D": "#323232"
    }
}